-- phpMyAdmin SQL Dump
-- version 5.2.0
-- https://www.phpmyadmin.net/
--
-- Hôte : 127.0.0.1:3306
-- Généré le : mer. 26 juil. 2023 à 21:25
-- Version du serveur : 8.0.31
-- Version de PHP : 8.0.26

SET SQL_MODE = "NO_AUTO_VALUE_ON_ZERO";
START TRANSACTION;
SET time_zone = "+00:00";


/*!40101 SET @OLD_CHARACTER_SET_CLIENT=@@CHARACTER_SET_CLIENT */;
/*!40101 SET @OLD_CHARACTER_SET_RESULTS=@@CHARACTER_SET_RESULTS */;
/*!40101 SET @OLD_COLLATION_CONNECTION=@@COLLATION_CONNECTION */;
/*!40101 SET NAMES utf8mb4 */;

--
-- Base de données : `train_donnees`
--

-- --------------------------------------------------------

--
-- Structure de la table `horairestrain`
--

DROP TABLE IF EXISTS `horairestrain`;
CREATE TABLE IF NOT EXISTS `horairestrain` (
  `trainid` int NOT NULL,
  `heuredepart` time DEFAULT NULL,
  `heurearrivee` time DEFAULT NULL,
  `VilleDepartID` int DEFAULT NULL,
  `VilleArriveeID` int DEFAULT NULL,
  PRIMARY KEY (`trainid`)
) ENGINE=MyISAM DEFAULT CHARSET=utf8mb4 COLLATE=utf8mb4_0900_ai_ci;

--
-- Déchargement des données de la table `horairestrain`
--

INSERT INTO `horairestrain` (`trainid`, `heuredepart`, `heurearrivee`, `VilleDepartID`, `VilleArriveeID`) VALUES
(2900, '19:20:00', '23:14:00', 11, 9),
(3308, '14:58:00', '16:46:00', 2, 10),
(3309, '13:10:00', '14:57:00', 10, 2),
(3610, '10:10:00', '12:07:00', 3, 8),
(3620, '11:17:00', '17:24:00', 3, 6),
(3630, '10:38:00', '16:29:00', 12, 5),
(3634, '16:30:00', '18:18:00', 5, 8),
(3635, '16:30:00', '18:23:00', 5, 14),
(3636, '16:30:00', '18:18:00', 5, 8),
(3637, '12:42:00', '14:27:00', 8, 5),
(3667, '18:40:00', '20:30:00', 8, 5),
(3681, '19:42:00', '21:35:00', 8, 3),
(3701, '11:38:00', '16:30:00', 3, 12),
(4661, '13:09:00', '17:00:00', 12, 6),
(4764, '18:18:00', '22:10:00', 6, 12),
(5398, '17:08:00', '20:50:00', 6, 12),
(6077, '12:49:00', '17:43:00', 9, 4),
(6078, '11:49:00', '16:40:00', 9, 11),
(6118, '10:31:00', '16:56:00', 4, 7),
(6122, '14:45:00', '18:56:00', 11, 9),
(6130, '18:08:00', '19:46:00', 6, 13),
(6156, '15:50:00', '20:18:00', 4, 9),
(6177, '13:10:00', '17:43:00', 9, 4),
(6179, '14:49:00', '18:40:00', 9, 11),
(6180, '19:20:00', '23:17:00', 11, 9),
(17494, '19:48:00', '21:29:00', 11, 1),
(17724, '17:04:00', '19:31:00', 6, 13),
(81467, '18:05:00', '19:05:00', 6, 11);

-- --------------------------------------------------------

--
-- Structure de la table `passagers`
--

DROP TABLE IF EXISTS `passagers`;
CREATE TABLE IF NOT EXISTS `passagers` (
  `PassagerID` int NOT NULL,
  `NomPassager` varchar(50) DEFAULT NULL,
  `Age` int DEFAULT NULL,
  `Email` varchar(70) DEFAULT NULL,
  `Matricule` int DEFAULT NULL,
  `NumTel` int DEFAULT NULL,
  PRIMARY KEY (`PassagerID`)
) ENGINE=MyISAM DEFAULT CHARSET=utf8mb4 COLLATE=utf8mb4_0900_ai_ci;

--
-- Déchargement des données de la table `passagers`
--

INSERT INTO `passagers` (`PassagerID`, `NomPassager`, `Age`, `Email`, `Matricule`, `NumTel`) VALUES
(501, 'Mohamed', 27, 'mohamed27@gmail.com', 121, 34272112),
(502, 'Ahmed', 32, 'hamed23@gmail.com', 234, 46224422),
(503, '', NULL, '', NULL, NULL),
(504, '', NULL, '', NULL, NULL),
(505, '', NULL, '', NULL, NULL),
(506, '', NULL, '', NULL, NULL),
(507, '', NULL, '', NULL, NULL),
(508, '', NULL, '', NULL, NULL),
(509, '', NULL, '', NULL, NULL),
(510, '', NULL, '', NULL, NULL),
(511, '', NULL, '', NULL, NULL),
(512, '', NULL, '', NULL, NULL),
(513, '', NULL, '', NULL, NULL),
(514, '', NULL, '', NULL, NULL),
(515, '', NULL, '', NULL, NULL),
(516, '', NULL, '', NULL, NULL),
(517, '', NULL, '', NULL, NULL),
(518, '', NULL, '', NULL, NULL),
(519, '', NULL, '', NULL, NULL),
(520, '', NULL, '', NULL, NULL),
(521, '', NULL, '', NULL, NULL),
(522, '', NULL, '', NULL, NULL),
(523, '', NULL, '', NULL, NULL),
(524, '', NULL, '', NULL, NULL),
(525, '', NULL, '', NULL, NULL),
(526, '', NULL, '', NULL, NULL),
(527, '', NULL, '', NULL, NULL),
(528, '', NULL, '', NULL, NULL),
(529, '', NULL, '', NULL, NULL),
(530, '', NULL, '', NULL, NULL),
(531, '', NULL, '', NULL, NULL),
(532, '', NULL, '', NULL, NULL),
(533, '', NULL, '', NULL, NULL),
(534, '', NULL, '', NULL, NULL),
(535, '', NULL, '', NULL, NULL),
(536, '', NULL, '', NULL, NULL),
(537, '', NULL, '', NULL, NULL),
(538, '', NULL, '', NULL, NULL),
(539, '', NULL, '', NULL, NULL),
(540, '', NULL, '', NULL, NULL),
(541, '', NULL, '', NULL, NULL),
(542, '', NULL, '', NULL, NULL),
(543, '', NULL, '', NULL, NULL),
(544, '', NULL, '', NULL, NULL),
(545, '', NULL, '', NULL, NULL),
(546, '', NULL, '', NULL, NULL),
(547, '', NULL, '', NULL, NULL),
(548, '', NULL, '', NULL, NULL),
(549, '', NULL, '', NULL, NULL),
(550, '', NULL, '', NULL, NULL),
(551, '', NULL, '', NULL, NULL),
(552, '', NULL, '', NULL, NULL),
(553, '', NULL, '', NULL, NULL),
(554, '', NULL, '', NULL, NULL),
(555, '', NULL, '', NULL, NULL),
(556, '', NULL, '', NULL, NULL),
(557, '', NULL, '', NULL, NULL),
(558, '', NULL, '', NULL, NULL),
(559, '', NULL, '', NULL, NULL),
(560, '', NULL, '', NULL, NULL),
(561, '', NULL, '', NULL, NULL),
(562, '', NULL, '', NULL, NULL),
(563, '', NULL, '', NULL, NULL),
(564, '', NULL, '', NULL, NULL),
(565, '', NULL, '', NULL, NULL),
(566, '', NULL, '', NULL, NULL),
(567, '', NULL, '', NULL, NULL),
(568, '', NULL, '', NULL, NULL),
(569, '', NULL, '', NULL, NULL),
(570, '', NULL, '', NULL, NULL),
(571, '', NULL, '', NULL, NULL),
(572, '', NULL, '', NULL, NULL),
(573, '', NULL, '', NULL, NULL),
(574, '', NULL, '', NULL, NULL),
(575, '', NULL, '', NULL, NULL),
(576, '', NULL, '', NULL, NULL),
(577, '', NULL, '', NULL, NULL),
(578, '', NULL, '', NULL, NULL),
(579, '', NULL, '', NULL, NULL),
(580, '', NULL, '', NULL, NULL),
(581, '', NULL, '', NULL, NULL),
(582, '', NULL, '', NULL, NULL),
(583, '', NULL, '', NULL, NULL),
(584, '', NULL, '', NULL, NULL);

-- --------------------------------------------------------

--
-- Structure de la table `reservation`
--

DROP TABLE IF EXISTS `reservation`;
CREATE TABLE IF NOT EXISTS `reservation` (
  `ReservationId` int NOT NULL,
  `TrainID` int DEFAULT NULL,
  `VilleDepartID` int DEFAULT NULL,
  `VilleArriveeID` int DEFAULT NULL,
  `PassagerID` int DEFAULT NULL,
  `DateReservation` datetime DEFAULT NULL,
  `NumReservation` int DEFAULT NULL,
  `Statut` int DEFAULT NULL,
  PRIMARY KEY (`ReservationId`)
) ENGINE=MyISAM DEFAULT CHARSET=utf8mb4 COLLATE=utf8mb4_0900_ai_ci;

--
-- Déchargement des données de la table `reservation`
--

INSERT INTO `reservation` (`ReservationId`, `TrainID`, `VilleDepartID`, `VilleArriveeID`, `PassagerID`, `DateReservation`, `NumReservation`, `Statut`) VALUES
(6241, 3637, 8, 5, 501, '2013-09-01 00:00:00', 13, 1),
(6242, 6077, 9, 4, 502, '2013-09-01 00:00:00', 62, 1),
(6243, 3610, 3, 8, 503, '2013-11-01 00:00:00', 74, 0),
(6244, 6177, 9, 4, 504, '2013-11-01 00:00:00', 25, 1),
(6245, 6180, 11, 9, 505, '2013-11-01 00:00:00', 55, 0),
(6246, 3667, 8, 5, 506, '2014-07-01 00:00:00', 36, 0),
(6247, 6156, 4, 9, 507, '2014-07-01 00:00:00', 41, 1),
(6248, 6156, 4, 9, 508, '2014-07-01 00:00:00', 42, 1),
(6249, 17724, 6, 13, 509, '2014-07-01 00:00:00', 28, 1),
(6250, 17494, 11, 1, 510, '2014-07-01 00:00:00', 15, 1),
(6251, 6118, 4, 7, 511, '2014-07-01 00:00:00', 18, 1),
(6252, 3701, 3, 12, 512, '2012-06-02 00:00:00', 21, 1),
(6253, 3637, 8, 5, 513, '2013-06-02 00:00:00', 14, 1),
(6254, 3667, 8, 5, 514, '2013-06-02 00:00:00', 37, 1),
(6255, 3667, 8, 5, 515, '2013-06-02 00:00:00', 38, 1),
(6256, 6179, 9, 11, 516, '2013-06-02 00:00:00', 1, 1),
(6257, 6179, 9, 11, 517, '2013-06-02 00:00:00', 2, 1),
(6258, 6179, 9, 11, 518, '2013-06-02 00:00:00', 3, 0),
(6259, 3634, 5, 8, 519, '2014-01-02 00:00:00', 4, 1),
(6260, 3637, 8, 5, 520, '2014-01-02 00:00:00', 15, 1),
(6261, 3681, 8, 3, 521, '2014-01-02 00:00:00', 32, 1),
(6262, 4661, 12, 6, 522, '2014-01-02 00:00:00', 24, 1),
(6263, 6122, 11, 9, 523, '2014-01-02 00:00:00', 120, 1),
(6264, 6122, 11, 9, 524, '2014-01-02 00:00:00', 121, 1),
(6265, 6179, 9, 11, 525, '2014-01-02 00:00:00', 4, 1),
(6266, 6179, 9, 11, 526, '2014-01-02 00:00:00', 5, 1),
(6267, 6179, 9, 11, 527, '2014-01-02 00:00:00', 6, 1),
(6268, 6179, 9, 11, 528, '2014-01-02 00:00:00', 7, 1),
(6269, 81467, 6, 11, 529, '2014-01-02 00:00:00', 44, 0),
(6270, 3634, 5, 8, 530, '2012-03-03 00:00:00', 5, 1),
(6271, 3667, 8, 5, 531, '2012-03-03 00:00:00', 39, 1),
(6272, 3667, 8, 5, 532, '2012-03-03 00:00:00', 40, 1),
(6273, 3667, 8, 5, 533, '2012-03-03 00:00:00', 41, 0),
(6274, 5398, 6, 12, 534, '2012-03-03 00:00:00', 12, 1),
(6275, 6077, 9, 11, 535, '2012-03-03 00:00:00', 65, 1),
(6276, 6077, 9, 11, 536, '2012-03-03 00:00:00', 66, 1),
(6277, 6077, 9, 11, 537, '2012-03-03 00:00:00', 67, 1),
(6278, 6122, 11, 9, 538, '2012-03-03 00:00:00', 122, 1),
(6279, 6122, 11, 9, 539, '2012-03-03 00:00:00', 123, 1),
(6280, 6122, 11, 9, 540, '2012-03-03 00:00:00', 124, 1),
(6281, 6122, 11, 9, 541, '2012-03-03 00:00:00', 125, 1),
(6282, 2900, 11, 9, 542, '2012-10-03 00:00:00', 54, 1),
(6283, 3634, 5, 8, 543, '2012-10-03 00:00:00', 6, 1),
(6284, 3634, 5, 8, 544, '2012-10-03 00:00:00', 7, 1),
(6285, 3634, 5, 8, 545, '2012-10-03 00:00:00', 8, 1),
(6286, 6156, 4, 9, 546, '2012-10-03 00:00:00', 43, 1),
(6287, 6156, 4, 9, 547, '2012-10-03 00:00:00', 44, 1),
(6288, 6156, 4, 9, 548, '2012-10-03 00:00:00', 45, 1),
(6289, 3681, 8, 3, 549, '2012-03-03 00:00:00', 33, 1),
(6290, 3630, 12, 5, 550, '2012-03-03 00:00:00', 14, 1),
(6291, 3620, 3, 6, 551, '2012-10-03 00:00:00', 23, 1),
(6292, 3620, 3, 6, 552, '2012-10-03 00:00:00', 24, 1),
(6293, 4764, 6, 12, 553, '2012-10-03 00:00:00', 11, 1),
(6294, 6130, 6, 13, 554, '2012-10-03 00:00:00', 30, 1),
(6295, 3634, 5, 14, 555, '2012-03-03 00:00:00', 11, 1),
(6296, 6180, 11, 7, 556, '2012-03-03 00:00:00', 56, 1),
(6297, 3309, 10, 2, 557, '2013-09-01 00:00:00', 15, 1),
(6298, 3637, 8, 5, 558, '2013-09-01 00:00:00', 16, 1),
(6299, 3637, 8, 5, 559, '2013-09-01 00:00:00', 17, 1),
(6300, 3637, 8, 5, 560, '2013-09-01 00:00:00', 18, 0),
(6301, 6077, 9, 4, 561, '2013-09-01 00:00:00', 63, 0),
(6302, 6077, 9, 4, 562, '2013-09-01 00:00:00', 64, 1),
(6303, 3610, 3, 8, 563, '2013-11-01 00:00:00', 75, 0),
(6304, 6177, 9, 4, 564, '2013-11-01 00:00:00', 26, 1),
(6305, 3308, 2, 10, 565, '2014-07-01 00:00:00', 12, 0),
(6306, 3634, 5, 8, 566, '2014-07-01 00:00:00', 9, 1),
(6307, 3634, 5, 8, 567, '2014-07-01 00:00:00', 10, 1),
(6308, 3667, 8, 5, 568, '2014-07-01 00:00:00', 42, 0),
(6309, 3667, 8, 5, 569, '2014-07-01 00:00:00', 43, 1),
(6310, 6156, 4, 9, 570, '2014-07-01 00:00:00', 46, 1),
(6311, 6156, 4, 9, 571, '2014-07-01 00:00:00', 47, 0),
(6312, 6118, 4, 7, 572, '2014-07-01 00:00:00', 19, 0),
(6313, 6179, 9, 11, 573, '2013-06-02 00:00:00', 8, 1),
(6314, 6179, 9, 11, 574, '2013-06-02 00:00:00', 9, 1),
(6315, 6179, 9, 11, 575, '2013-06-02 00:00:00', 10, 1),
(6316, 6122, 11, 9, 576, '2014-01-02 00:00:00', 126, 1),
(6317, 6122, 11, 9, 577, '2014-01-02 00:00:00', 127, 1),
(6318, 6179, 9, 11, 578, '2014-01-02 00:00:00', 11, 1),
(6319, 6179, 9, 11, 579, '2014-01-02 00:00:00', 12, 1),
(6320, 6179, 9, 11, 580, '2014-01-02 00:00:00', 13, 1),
(6321, 6179, 9, 11, 581, '2014-01-02 00:00:00', 14, 1),
(6322, 6077, 9, 11, 582, '2012-03-03 00:00:00', 68, 1),
(6323, 6077, 9, 11, 583, '2012-03-03 00:00:00', 69, 1),
(6324, 6077, 9, 11, 584, '2012-03-03 00:00:00', 70, 1);

-- --------------------------------------------------------

--
-- Structure de la table `tarifs`
--

DROP TABLE IF EXISTS `tarifs`;
CREATE TABLE IF NOT EXISTS `tarifs` (
  `tarifid` int NOT NULL,
  `villedepartid` int DEFAULT NULL,
  `villeariveeid` int DEFAULT NULL,
  `tarif` double DEFAULT NULL,
  `passagerid` int NOT NULL,
  PRIMARY KEY (`tarifid`,`passagerid`),
  KEY `cle21` (`villedepartid`),
  KEY `cle22` (`villeariveeid`),
  KEY `cle24` (`passagerid`)
) ENGINE=MyISAM DEFAULT CHARSET=utf8mb4 COLLATE=utf8mb4_0900_ai_ci;

--
-- Déchargement des données de la table `tarifs`
--

INSERT INTO `tarifs` (`tarifid`, `villedepartid`, `villeariveeid`, `tarif`, `passagerid`) VALUES
(401, 8, 5, 19.3, 501),
(402, 9, 4, 116.25, 502),
(403, 3, 8, 63.9, 503),
(404, 9, 4, 83.4, 504),
(405, 11, 9, 40, 505),
(406, 8, 5, 15.7, 506),
(407, 4, 9, 116.25, 507),
(408, 4, 9, 38.75, 508),
(409, 6, 13, 25.6, 509),
(410, 11, 1, 16.7, 510),
(411, 4, 7, 38.5, 511),
(412, 3, 12, 26, 512),
(413, 8, 5, 118.4, 513),
(414, 8, 5, 21.5, 514),
(415, 8, 5, 31.5, 515),
(416, 9, 11, 274, 516),
(417, 9, 11, 108, 517),
(418, 9, 11, 180, 518),
(419, 5, 8, 111.3, 519),
(420, 8, 5, 116, 520),
(421, 8, 3, 24.5, 521),
(422, 12, 6, 50.5, 522),
(423, 11, 9, 191.6, 523),
(424, 11, 9, 168.8, 524),
(425, 9, 11, 258.4, 525),
(426, 9, 11, 258.4, 526),
(427, 9, 11, 224.4, 527),
(428, 9, 11, 224.4, 528),
(429, 6, 11, 11.7, 529),
(430, 5, 8, 112.4, 530),
(431, 8, 5, 62.8, 531),
(432, 8, 5, 1.5, 532),
(433, 8, 5, 1.5, 533),
(434, 6, 12, 50.5, 534),
(435, 9, 11, 152, 535),
(436, 9, 11, 70, 536),
(437, 9, 11, 69, 537),
(438, 11, 9, 302.8, 538),
(439, 11, 9, 302.8, 539),
(440, 11, 9, 410, 540),
(441, 11, 9, 410, 541),
(442, 11, 9, 36, 542),
(443, 5, 8, 59.8, 543),
(444, 5, 8, 1.5, 544),
(445, 5, 8, 1.5, 545),
(446, 4, 9, 70, 546),
(447, 4, 9, 69, 547),
(448, 4, 9, 152, 548),
(449, 8, 3, 34.1, 549),
(450, 12, 5, 22.3, 550),
(451, 3, 6, 12.5, 551),
(452, 3, 6, 11.7, 552),
(453, 6, 12, 10.4, 553),
(454, 6, 13, 6.74, 554),
(455, 5, 14, 109.34, 555),
(456, 11, 7, 112, 556),
(457, 10, 2, 116.9, 557),
(458, 8, 5, 40, 558),
(459, 8, 5, 47.1, 559),
(460, 8, 5, 19.3, 560),
(461, 9, 4, 116.25, 561),
(462, 9, 4, 116.25, 562),
(463, 3, 8, 63.9, 563),
(464, 9, 4, 83.4, 564),
(465, 2, 10, 31.4, 565),
(466, 5, 8, 47.1, 566),
(467, 5, 8, 39, 567),
(468, 8, 5, 15.7, 568),
(469, 8, 5, 116.25, 569),
(470, 4, 9, 116.25, 570),
(471, 4, 9, 77, 571),
(472, 4, 7, 274, 572),
(473, 9, 11, 108, 573),
(474, 9, 11, 180, 574),
(475, 9, 11, 191.6, 575),
(476, 11, 9, 168.8, 576),
(477, 11, 9, 258.4, 577),
(478, 9, 11, 258.4, 578),
(479, 9, 11, 224.4, 579),
(480, 9, 11, 224.4, 580),
(481, 9, 11, 152, 581),
(482, 9, 11, 70, 582),
(483, 9, 11, 69, 583),
(484, 9, 11, 302.8, 584);

-- --------------------------------------------------------

--
-- Structure de la table `ville`
--

DROP TABLE IF EXISTS `ville`;
CREATE TABLE IF NOT EXISTS `ville` (
  `VilleID` int NOT NULL,
  `VilleNom` varchar(50) DEFAULT NULL,
  PRIMARY KEY (`VilleID`)
) ENGINE=MyISAM DEFAULT CHARSET=utf8mb4 COLLATE=utf8mb4_0900_ai_ci;

--
-- Déchargement des données de la table `ville`
--

INSERT INTO `ville` (`VilleID`, `VilleNom`) VALUES
(1, 'Aix-en-Provence'),
(2, 'Caen'),
(3, 'Châteauroux'),
(4, 'Hyères'),
(5, 'Issoudun'),
(6, 'Marseille'),
(7, 'Paris'),
(8, 'Paris-Austerlitz'),
(9, 'Paris-Lyon'),
(10, 'Paris-Saint-Lazare'),
(11, 'Toulon'),
(12, 'Toulouse'),
(13, 'Valence Ville'),
(14, 'Nevers');
COMMIT;

/*!40101 SET CHARACTER_SET_CLIENT=@OLD_CHARACTER_SET_CLIENT */;
/*!40101 SET CHARACTER_SET_RESULTS=@OLD_CHARACTER_SET_RESULTS */;
/*!40101 SET COLLATION_CONNECTION=@OLD_COLLATION_CONNECTION */;
